Index,Place_ID,Category
1,51968bbfbaf5955ec059789e04d9c4cd4740f00101f9010decf4000000000092031053656174746c6520417175617269756d,building
2,51968bbfbaf5955ec059789e04d9c4cd4740f00101f9010decf4000000000092031053656174746c6520417175617269756d,building.tourism
3,51968bbfbaf5955ec059789e04d9c4cd4740f00101f9010decf4000000000092031053656174746c6520417175617269756d,entertainment
4,51968bbfbaf5955ec059789e04d9c4cd4740f00101f9010decf4000000000092031053656174746c6520417175617269756d,entertainment.aquarium
5,51968bbfbaf5955ec059789e04d9c4cd4740f00101f9010decf4000000000092031053656174746c6520417175617269756d,fee
6,51968bbfbaf5955ec059789e04d9c4cd4740f00101f9010decf4000000000092031053656174746c6520417175617269756d,wheelchair
7,51968bbfbaf5955ec059789e04d9c4cd4740f00101f9010decf4000000000092031053656174746c6520417175617269756d,wheelchair.yes
8,51af680970be945ec059ab288eb3b8cd4740f00101f901a19b30000000000092030f4672796520417274204d757365756d,building
9,51af680970be945ec059ab288eb3b8cd4740f00101f901a19b30000000000092030f4672796520417274204d757365756d,building.tourism
10,51af680970be945ec059ab288eb3b8cd4740f00101f901a19b30000000000092030f4672796520417274204d757365756d,entertainment
11,51af680970be945ec059ab288eb3b8cd4740f00101f901a19b30000000000092030f4672796520417274204d757365756d,entertainment.museum
12,51af680970be945ec059ab288eb3b8cd4740f00101f901a19b30000000000092030f4672796520417274204d757365756d,no_fee
13,51af680970be945ec059ab288eb3b8cd4740f00101f901a19b30000000000092030f4672796520417274204d757365756d,no_fee.no
14,51cfccbfe11b945ec059fef6e697add04740f00102f901692132020000000092031853656174746c6520417369616e20417274204d757365756d,building
15,51cfccbfe11b945ec059fef6e697add04740f00102f901692132020000000092031853656174746c6520417369616e20417274204d757365756d,building.tourism
16,51cfccbfe11b945ec059fef6e697add04740f00102f901692132020000000092031853656174746c6520417369616e20417274204d757365756d,entertainment
17,51cfccbfe11b945ec059fef6e697add04740f00102f901692132020000000092031853656174746c6520417369616e20417274204d757365756d,entertainment.museum
18,51cfccbfe11b945ec059fef6e697add04740f00102f901692132020000000092031853656174746c6520417369616e20417274204d757365756d,fee
19,51cfccbfe11b945ec059fef6e697add04740f00102f901692132020000000092031853656174746c6520417369616e20417274204d757365756d,wheelchair
20,51cfccbfe11b945ec059fef6e697add04740f00102f901692132020000000092031853656174746c6520417369616e20417274204d757365756d,wheelchair.yes
21,51a34420657f955ec059010bfcf647d04740f00102f901a115f7020000000092031743656e74657220666f7220576f6f64656e20426f617473,building
22,51a34420657f955ec059010bfcf647d04740f00102f901a115f7020000000092031743656e74657220666f7220576f6f64656e20426f617473,building.tourism
23,51a34420657f955ec059010bfcf647d04740f00102f901a115f7020000000092031743656e74657220666f7220576f6f64656e20426f617473,entertainment
24,51a34420657f955ec059010bfcf647d04740f00102f901a115f7020000000092031743656e74657220666f7220576f6f64656e20426f617473,entertainment.museum
25,51a34420657f955ec059010bfcf647d04740f00102f901a115f7020000000092031743656e74657220666f7220576f6f64656e20426f617473,no_fee
26,51a34420657f955ec059010bfcf647d04740f00102f901a115f7020000000092031743656e74657220666f7220576f6f64656e20426f617473,no_fee.no
27,51a34420657f955ec059010bfcf647d04740f00102f901a115f7020000000092031743656e74657220666f7220576f6f64656e20426f617473,wheelchair
28,51a34420657f955ec059010bfcf647d04740f00102f901a115f7020000000092031743656e74657220666f7220576f6f64656e20426f617473,wheelchair.limited
29,5140bb4fb48a965ec059ad5a54b66ccf4740f00102f901fdf862030000000092031a53656174746c65204368696c6472656e27732054686561746572,building
30,5140bb4fb48a965ec059ad5a54b66ccf4740f00102f901fdf862030000000092031a53656174746c65204368696c6472656e27732054686561746572,building.entertainment
31,5140bb4fb48a965ec059ad5a54b66ccf4740f00102f901fdf862030000000092031a53656174746c65204368696c6472656e27732054686561746572,entertainment
32,5140bb4fb48a965ec059ad5a54b66ccf4740f00102f901fdf862030000000092031a53656174746c65204368696c6472656e27732054686561746572,entertainment.culture
33,5140bb4fb48a965ec059ad5a54b66ccf4740f00102f901fdf862030000000092031a53656174746c65204368696c6472656e27732054686561746572,entertainment.culture.theatre
34,5135d4ddc669965ec0593ff1f9366ecf4740f00102f90111a2a1090000000092031843686968756c792047617264656e20616e6420476c617373,entertainment
35,5135d4ddc669965ec0593ff1f9366ecf4740f00102f90111a2a1090000000092031843686968756c792047617264656e20616e6420476c617373,entertainment.museum
36,5135d4ddc669965ec0593ff1f9366ecf4740f00102f90111a2a1090000000092031843686968756c792047617264656e20616e6420476c617373,fee
37,51ace2596149965ec0599d04b2c88ccf4740f00102f9011ea2a1090000000092031c4d6f504f503a204d757365756d206f6620506f702043756c74757265,building
38,51ace2596149965ec0599d04b2c88ccf4740f00102f9011ea2a1090000000092031c4d6f504f503a204d757365756d206f6620506f702043756c74757265,building.tourism
39,51ace2596149965ec0599d04b2c88ccf4740f00102f9011ea2a1090000000092031c4d6f504f503a204d757365756d206f6620506f702043756c74757265,entertainment
40,51ace2596149965ec0599d04b2c88ccf4740f00102f9011ea2a1090000000092031c4d6f504f503a204d757365756d206f6620506f702043756c74757265,entertainment.museum
41,51ace2596149965ec0599d04b2c88ccf4740f00102f9011ea2a1090000000092031c4d6f504f503a204d757365756d206f6620506f702043756c74757265,wheelchair
42,51ace2596149965ec0599d04b2c88ccf4740f00102f9011ea2a1090000000092031c4d6f504f503a204d757365756d206f6620506f702043756c74757265,wheelchair.yes
43,513dc087006c955ec059fb202e908fca4740f00102f90155747b0d0000000092031f4c6976696e6720436f6d7075746572733a204d757365756d202b204c616273,building
44,513dc087006c955ec059fb202e908fca4740f00102f90155747b0d0000000092031f4c6976696e6720436f6d7075746572733a204d757365756d202b204c616273,building.tourism
45,513dc087006c955ec059fb202e908fca4740f00102f90155747b0d0000000092031f4c6976696e6720436f6d7075746572733a204d757365756d202b204c616273,entertainment
46,513dc087006c955ec059fb202e908fca4740f00102f90155747b0d0000000092031f4c6976696e6720436f6d7075746572733a204d757365756d202b204c616273,entertainment.museum
47,513dc087006c955ec059fb202e908fca4740f00102f90155747b0d0000000092031f4c6976696e6720436f6d7075746572733a204d757365756d202b204c616273,wheelchair
48,513dc087006c955ec059fb202e908fca4740f00102f90155747b0d0000000092031f4c6976696e6720436f6d7075746572733a204d757365756d202b204c616273,wheelchair.yes
49,512e38c35afd935ec0595db9127ea5cf4740f00102f9015f1cb40d0000000092030953746174696f6e2037,building
50,512e38c35afd935ec0595db9127ea5cf4740f00102f9015f1cb40d0000000092030953746174696f6e2037,building.commercial
51,512e38c35afd935ec0595db9127ea5cf4740f00102f9015f1cb40d0000000092030953746174696f6e2037,commercial
52,512e38c35afd935ec0595db9127ea5cf4740f00102f9015f1cb40d0000000092030953746174696f6e2037,commercial.furniture_and_interior
53,51a0638f917b965ec059ff285e4749cf4740f00102f9017f8c8a17000000009203165061636966696320536369656e63652043656e746572,building
54,51a0638f917b965ec059ff285e4749cf4740f00102f9017f8c8a17000000009203165061636966696320536369656e63652043656e746572,building.tourism
55,51a0638f917b965ec059ff285e4749cf4740f00102f9017f8c8a17000000009203165061636966696320536369656e63652043656e746572,entertainment
56,51a0638f917b965ec059ff285e4749cf4740f00102f9017f8c8a17000000009203165061636966696320536369656e63652043656e746572,entertainment.museum
57,51a0638f917b965ec059ff285e4749cf4740f00102f9017f8c8a17000000009203165061636966696320536369656e63652043656e746572,wheelchair
58,51a0638f917b965ec059ff285e4749cf4740f00102f9017f8c8a17000000009203165061636966696320536369656e63652043656e746572,wheelchair.limited
59,51263cee9c8b955ec059b8d954be67d04740f00102f901bc79081a000000009203114e6f7274687765737420536561706f7274,entertainment
60,51263cee9c8b955ec059b8d954be67d04740f00102f901bc79081a000000009203114e6f7274687765737420536561706f7274,entertainment.museum
61,5159d43f669d955ec059b7e3efdb99cb4740f00102f9017a099c280000000092031c436f617374204775617264204d757365756d204e6f72746877657374,building
62,5159d43f669d955ec059b7e3efdb99cb4740f00102f9017a099c280000000092031c436f617374204775617264204d757365756d204e6f72746877657374,building.tourism
63,5159d43f669d955ec059b7e3efdb99cb4740f00102f9017a099c280000000092031c436f617374204775617264204d757365756d204e6f72746877657374,entertainment
64,5159d43f669d955ec059b7e3efdb99cb4740f00102f9017a099c280000000092031c436f617374204775617264204d757365756d204e6f72746877657374,entertainment.museum
65,512312859675945ec059c7cb9b5dadce4740f00103f901647a7d5200000000920318456c6c696f74742042617920426f6f6b20436f6d70616e79,commercial
66,512312859675945ec059c7cb9b5dadce4740f00103f901647a7d5200000000920318456c6c696f74742042617920426f6f6b20436f6d70616e79,commercial.books
67,512312859675945ec059c7cb9b5dadce4740f00103f901647a7d5200000000920318456c6c696f74742042617920426f6f6b20436f6d70616e79,wheelchair
68,512312859675945ec059c7cb9b5dadce4740f00103f901647a7d5200000000920318456c6c696f74742042617920426f6f6b20436f6d70616e79,wheelchair.limited
69,513dca77dfe7955ec05950706cc60ece4740f00103f901a7c34c81000000009203094c652050616e696572,commercial
70,513dca77dfe7955ec05950706cc60ece4740f00103f901a7c34c81000000009203094c652050616e696572,commercial.food_and_drink
71,513dca77dfe7955ec05950706cc60ece4740f00103f901a7c34c81000000009203094c652050616e696572,commercial.food_and_drink.bakery
72,511726f84b30965ec0591ace34fbf2ce4740f00103f901d226bd8a0000000092030d4c6120506172697369656e6e65,catering
73,511726f84b30965ec0591ace34fbf2ce4740f00103f901d226bd8a0000000092030d4c6120506172697369656e6e65,catering.cafe
74,511726f84b30965ec0591ace34fbf2ce4740f00103f901d226bd8a0000000092030d4c6120506172697369656e6e65,commercial
75,511726f84b30965ec0591ace34fbf2ce4740f00103f901d226bd8a0000000092030d4c6120506172697369656e6e65,commercial.food_and_drink
76,511726f84b30965ec0591ace34fbf2ce4740f00103f901d226bd8a0000000092030d4c6120506172697369656e6e65,commercial.food_and_drink.bakery
77,51f8fbc56cc9955ec05949312fb5efcd4740f00103f90125e7e68e000000009203194c6566742042616e6b20426f6f6b20436f6c6c656374697665,commercial
78,51f8fbc56cc9955ec05949312fb5efcd4740f00103f90125e7e68e000000009203194c6566742042616e6b20426f6f6b20436f6c6c656374697665,commercial.books
79,51378b170bc3955ec059d48d7b325acd4740f00103f90175832794000000009203165965204f6c646520437572696f736974792053686f70,commercial
80,51378b170bc3955ec059d48d7b325acd4740f00103f90175832794000000009203165965204f6c646520437572696f736974792053686f70,commercial.gift_and_souvenir
81,513491e39876965ec059d6e81a118ccf4740f00103f90107d3af940000000092031953656174746c65204368696c6472656e2773204d757365756d,entertainment
82,513491e39876965ec059d6e81a118ccf4740f00103f90107d3af940000000092031953656174746c65204368696c6472656e2773204d757365756d,entertainment.museum
83,513491e39876965ec059d6e81a118ccf4740f00103f90107d3af940000000092031953656174746c65204368696c6472656e2773204d757365756d,fee
84,513491e39876965ec059d6e81a118ccf4740f00103f90107d3af940000000092031953656174746c65204368696c6472656e2773204d757365756d,wheelchair
85,513491e39876965ec059d6e81a118ccf4740f00103f90107d3af940000000092031953656174746c65204368696c6472656e2773204d757365756d,wheelchair.yes
86,51f69507e9a9945ec0591c4c055493cc4740f00103f9015806c0b00000000092031657696e67204c756b6520417369616e204d757365756d,entertainment
87,51f69507e9a9945ec0591c4c055493cc4740f00103f9015806c0b00000000092031657696e67204c756b6520417369616e204d757365756d,entertainment.museum
88,51f8b1eec4d1955ec05989839593f5cd4740f00103f901277c2802010000009203104a61636b277320466973682053706f74,commercial
89,51f8b1eec4d1955ec05989839593f5cd4740f00103f901277c2802010000009203104a61636b277320466973682053706f74,commercial.food_and_drink
90,51f8b1eec4d1955ec05989839593f5cd4740f00103f901277c2802010000009203104a61636b277320466973682053706f74,commercial.food_and_drink.seafood
91,51247a63528d955ec0599d7c264b52d04740f00103f901684810030100000092031e4d757365756d206f6620486973746f727920616e6420496e647573747279,entertainment
92,51247a63528d955ec0599d7c264b52d04740f00103f901684810030100000092031e4d757365756d206f6620486973746f727920616e6420496e647573747279,entertainment.museum
93,51247a63528d955ec0599d7c264b52d04740f00103f901684810030100000092031e4d757365756d206f6620486973746f727920616e6420496e647573747279,fee
94,51247a63528d955ec0599d7c264b52d04740f00103f901684810030100000092031e4d757365756d206f6620486973746f727920616e6420496e647573747279,internet_access
95,519d4578dd19955ec05976272ae967cf4740f00102f9015247570300000000920303524549,building
96,519d4578dd19955ec05976272ae967cf4740f00102f9015247570300000000920303524549,building.commercial
97,519d4578dd19955ec05976272ae967cf4740f00102f9015247570300000000920303524549,commercial
98,519d4578dd19955ec05976272ae967cf4740f00102f9015247570300000000920303524549,commercial.outdoor_and_sport
99,519d4578dd19955ec05976272ae967cf4740f00102f9015247570300000000920303524549,internet_access
100,519d4578dd19955ec05976272ae967cf4740f00102f9015247570300000000920303524549,wheelchair
101,519d4578dd19955ec05976272ae967cf4740f00102f9015247570300000000920303524549,wheelchair.yes
102,513554895de8935ec059f75ee106c8ce4740f00101f90182c27b000000000092030d43656e7472616c20436f2d6f70,building
103,513554895de8935ec059f75ee106c8ce4740f00101f90182c27b000000000092030d43656e7472616c20436f2d6f70,building.commercial
104,513554895de8935ec059f75ee106c8ce4740f00101f90182c27b000000000092030d43656e7472616c20436f2d6f70,commercial
105,513554895de8935ec059f75ee106c8ce4740f00101f90182c27b000000000092030d43656e7472616c20436f2d6f70,commercial.supermarket
106,513554895de8935ec059f75ee106c8ce4740f00101f90182c27b000000000092030d43656e7472616c20436f2d6f70,wheelchair
107,513554895de8935ec059f75ee106c8ce4740f00101f90182c27b000000000092030d43656e7472616c20436f2d6f70,wheelchair.yes
108,51c48b40de85955ec0595969d10060ce4740f00102f9012660a102000000009203094e6f72647374726f6d,building
109,51c48b40de85955ec0595969d10060ce4740f00102f9012660a102000000009203094e6f72647374726f6d,building.commercial
110,51c48b40de85955ec0595969d10060ce4740f00102f9012660a102000000009203094e6f72647374726f6d,commercial
111,51c48b40de85955ec0595969d10060ce4740f00102f9012660a102000000009203094e6f72647374726f6d,commercial.department_store
112,51c48b40de85955ec0595969d10060ce4740f00102f9012660a102000000009203094e6f72647374726f6d,wheelchair
113,51c48b40de85955ec0595969d10060ce4740f00102f9012660a102000000009203094e6f72647374726f6d,wheelchair.yes
114,517e2853f290955ec05959d4dd70d6cd4740f00102f9011e0721040000000092030d42656e61726f79612048616c6c,building
115,517e2853f290955ec05959d4dd70d6cd4740f00102f9011e0721040000000092030d42656e61726f79612048616c6c,building.entertainment
116,517e2853f290955ec05959d4dd70d6cd4740f00102f9011e0721040000000092030d42656e61726f79612048616c6c,entertainment
117,517e2853f290955ec05959d4dd70d6cd4740f00102f9011e0721040000000092030d42656e61726f79612048616c6c,entertainment.culture
118,517e2853f290955ec05959d4dd70d6cd4740f00102f9011e0721040000000092030d42656e61726f79612048616c6c,entertainment.culture.theatre
119,517e2853f290955ec05959d4dd70d6cd4740f00102f9011e0721040000000092030d42656e61726f79612048616c6c,wheelchair
120,517e2853f290955ec05959d4dd70d6cd4740f00102f9011e0721040000000092030d42656e61726f79612048616c6c,wheelchair.yes
121,51d3ec91ab81955ec0591b76b73708ca4740f00102f901e509e0050000000092030e54686520486f6d65204465706f74,building
122,51d3ec91ab81955ec0591b76b73708ca4740f00102f901e509e0050000000092030e54686520486f6d65204465706f74,building.commercial
123,51d3ec91ab81955ec0591b76b73708ca4740f00102f901e509e0050000000092030e54686520486f6d65204465706f74,commercial
124,51d3ec91ab81955ec0591b76b73708ca4740f00102f901e509e0050000000092030e54686520486f6d65204465706f74,commercial.houseware_and_hardware
125,51d3ec91ab81955ec0591b76b73708ca4740f00102f901e509e0050000000092030e54686520486f6d65204465706f74,commercial.houseware_and_hardware.doityourself
126,51d3ec91ab81955ec0591b76b73708ca4740f00102f901e509e0050000000092030e54686520486f6d65204465706f74,wheelchair
127,51d3ec91ab81955ec0591b76b73708ca4740f00102f901e509e0050000000092030e54686520486f6d65204465706f74,wheelchair.yes
128,51b6cdaf15f4955ec05960bf9d651cd34740f00102f9013029e5060000000092031b4461766964736f6e2048616e646275696c742042696379636c6573,building
129,51b6cdaf15f4955ec05960bf9d651cd34740f00102f9013029e5060000000092031b4461766964736f6e2048616e646275696c742042696379636c6573,building.commercial
130,51b6cdaf15f4955ec05960bf9d651cd34740f00102f9013029e5060000000092031b4461766964736f6e2048616e646275696c742042696379636c6573,building.industrial
131,51b6cdaf15f4955ec05960bf9d651cd34740f00102f9013029e5060000000092031b4461766964736f6e2048616e646275696c742042696379636c6573,commercial
132,51b6cdaf15f4955ec05960bf9d651cd34740f00102f9013029e5060000000092031b4461766964736f6e2048616e646275696c742042696379636c6573,commercial.outdoor_and_sport
133,51b6cdaf15f4955ec05960bf9d651cd34740f00102f9013029e5060000000092031b4461766964736f6e2048616e646275696c742042696379636c6573,commercial.outdoor_and_sport.bicycle
134,51230fc5c71d955ec05958264966f4cd4740f00102f901948b620800000000920311546f776e2048616c6c2053656174746c65,activity
135,51230fc5c71d955ec05958264966f4cd4740f00102f901948b620800000000920311546f776e2048616c6c2053656174746c65,activity.community_center
136,51230fc5c71d955ec05958264966f4cd4740f00102f901948b620800000000920311546f776e2048616c6c2053656174746c65,building
137,51230fc5c71d955ec05958264966f4cd4740f00102f901948b620800000000920311546f776e2048616c6c2053656174746c65,building.public_and_civil
138,51633581cf51935ec0596a1f9a6f69cb4740f00102f90178217409000000009203214e6f72746877657374204166726963616e20416d65726963616e204d757365756d,building
139,51633581cf51935ec0596a1f9a6f69cb4740f00102f90178217409000000009203214e6f72746877657374204166726963616e20416d65726963616e204d757365756d,building.tourism
140,51633581cf51935ec0596a1f9a6f69cb4740f00102f90178217409000000009203214e6f72746877657374204166726963616e20416d65726963616e204d757365756d,entertainment
141,51633581cf51935ec0596a1f9a6f69cb4740f00102f90178217409000000009203214e6f72746877657374204166726963616e20416d65726963616e204d757365756d,entertainment.museum
142,5116e8b181a1965ec059795d4a78dacf4740f00102f9019bbe99090000000092031953656174746c65205265706572746f72792054686561747265,building
143,5116e8b181a1965ec059795d4a78dacf4740f00102f9019bbe99090000000092031953656174746c65205265706572746f72792054686561747265,building.entertainment
144,5116e8b181a1965ec059795d4a78dacf4740f00102f9019bbe99090000000092031953656174746c65205265706572746f72792054686561747265,entertainment
145,5116e8b181a1965ec059795d4a78dacf4740f00102f9019bbe99090000000092031953656174746c65205265706572746f72792054686561747265,entertainment.culture
146,5116e8b181a1965ec059795d4a78dacf4740f00102f9019bbe99090000000092031953656174746c65205265706572746f72792054686561747265,entertainment.culture.theatre
147,5116e8b181a1965ec059795d4a78dacf4740f00102f9019bbe99090000000092031953656174746c65205265706572746f72792054686561747265,wheelchair
148,5116e8b181a1965ec059795d4a78dacf4740f00102f9019bbe99090000000092031953656174746c65205265706572746f72792054686561747265,wheelchair.yes
149,51eb987bd054975ec05953982feae4d14740f00102f901036b0a0b0000000092030c4b656e2773204d61726b6574,building
150,51eb987bd054975ec05953982feae4d14740f00102f901036b0a0b0000000092030c4b656e2773204d61726b6574,building.commercial
151,51eb987bd054975ec05953982feae4d14740f00102f901036b0a0b0000000092030c4b656e2773204d61726b6574,commercial
152,51eb987bd054975ec05953982feae4d14740f00102f901036b0a0b0000000092030c4b656e2773204d61726b6574,commercial.supermarket
153,51eb987bd054975ec05953982feae4d14740f00102f901036b0a0b0000000092030c4b656e2773204d61726b6574,wheelchair
154,51eb987bd054975ec05953982feae4d14740f00102f901036b0a0b0000000092030c4b656e2773204d61726b6574,wheelchair.yes
155,5156eea436df965ec059a84e392d47d14740f00102f901c7ac4a0b0000000092030f4d6f6f6e726973652042616b657279,building
156,5156eea436df965ec059a84e392d47d14740f00102f901c7ac4a0b0000000092030f4d6f6f6e726973652042616b657279,building.catering
157,5156eea436df965ec059a84e392d47d14740f00102f901c7ac4a0b0000000092030f4d6f6f6e726973652042616b657279,building.commercial
158,5156eea436df965ec059a84e392d47d14740f00102f901c7ac4a0b0000000092030f4d6f6f6e726973652042616b657279,commercial
159,5156eea436df965ec059a84e392d47d14740f00102f901c7ac4a0b0000000092030f4d6f6f6e726973652042616b657279,commercial.food_and_drink
160,5156eea436df965ec059a84e392d47d14740f00102f901c7ac4a0b0000000092030f4d6f6f6e726973652042616b657279,commercial.food_and_drink.bakery
161,512387f7f71d975ec05981673e8dd8d14740f00102f9014136b20b0000000092031d4669766520436f726e65727320486172647761726520436f6d70616e79,building
162,512387f7f71d975ec05981673e8dd8d14740f00102f9014136b20b0000000092031d4669766520436f726e65727320486172647761726520436f6d70616e79,building.commercial
163,512387f7f71d975ec05981673e8dd8d14740f00102f9014136b20b0000000092031d4669766520436f726e65727320486172647761726520436f6d70616e79,commercial
164,512387f7f71d975ec05981673e8dd8d14740f00102f9014136b20b0000000092031d4669766520436f726e65727320486172647761726520436f6d70616e79,commercial.houseware_and_hardware
165,512387f7f71d975ec05981673e8dd8d14740f00102f9014136b20b0000000092031d4669766520436f726e65727320486172647761726520436f6d70616e79,commercial.houseware_and_hardware.hardware_and_tools
166,51f509d050d3945ec0590a125214e7c94740f00102f9010a407b0d00000000920313506172616d6f756e74204d6f746f7273204e57,building
167,51f509d050d3945ec0590a125214e7c94740f00102f9010a407b0d00000000920313506172616d6f756e74204d6f746f7273204e57,building.commercial
168,51f509d050d3945ec0590a125214e7c94740f00102f9010a407b0d00000000920313506172616d6f756e74204d6f746f7273204e57,commercial
169,51f509d050d3945ec0590a125214e7c94740f00102f9010a407b0d00000000920313506172616d6f756e74204d6f746f7273204e57,commercial.vehicle
170,5181f356815b935ec0598e47360b7bce4740f00102f90192aaa20d00000000920319556e636c6520496b652773202d20426f74746c652053686f70,building
171,5181f356815b935ec0598e47360b7bce4740f00102f90192aaa20d00000000920319556e636c6520496b652773202d20426f74746c652053686f70,building.commercial
172,5181f356815b935ec0598e47360b7bce4740f00102f90192aaa20d00000000920319556e636c6520496b652773202d20426f74746c652053686f70,commercial
173,5181f356815b935ec0598e47360b7bce4740f00102f90192aaa20d00000000920319556e636c6520496b652773202d20426f74746c652053686f70,commercial.food_and_drink
174,5181f356815b935ec0598e47360b7bce4740f00102f90192aaa20d00000000920319556e636c6520496b652773202d20426f74746c652053686f70,commercial.food_and_drink.drinks
175,519ef1069f3f935ec0595f0a5c6e6dce4740f00102f90124ada20d00000000920306506f6e646572,building
176,519ef1069f3f935ec0595f0a5c6e6dce4740f00102f90124ada20d00000000920306506f6e646572,building.commercial
177,519ef1069f3f935ec0595f0a5c6e6dce4740f00102f90124ada20d00000000920306506f6e646572,commercial
178,519ef1069f3f935ec0595f0a5c6e6dce4740f00102f90124ada20d00000000920306506f6e646572,commercial.smoking
179,51883eb160fc935ec05998c630f0d2cf4740f00102f901672db30d0000000092030957616c677265656e73,building
180,51883eb160fc935ec05998c630f0d2cf4740f00102f901672db30d0000000092030957616c677265656e73,building.commercial
181,51883eb160fc935ec05998c630f0d2cf4740f00102f901672db30d0000000092030957616c677265656e73,commercial
182,51883eb160fc935ec05998c630f0d2cf4740f00102f901672db30d0000000092030957616c677265656e73,commercial.chemist
183,51201d9929c1975ec05953068f6ff7c84740f00102f901cfd5c80d00000000920310416c6b69204175746f20526570616972,building
184,51201d9929c1975ec05953068f6ff7c84740f00102f901cfd5c80d00000000920310416c6b69204175746f20526570616972,building.commercial
185,51201d9929c1975ec05953068f6ff7c84740f00102f901cfd5c80d00000000920310416c6b69204175746f20526570616972,commercial
186,51201d9929c1975ec05953068f6ff7c84740f00102f901cfd5c80d00000000920310416c6b69204175746f20526570616972,service
187,51201d9929c1975ec05953068f6ff7c84740f00102f901cfd5c80d00000000920310416c6b69204175746f20526570616972,service.vehicle
188,51201d9929c1975ec05953068f6ff7c84740f00102f901cfd5c80d00000000920310416c6b69204175746f20526570616972,service.vehicle.repair
189,51201d9929c1975ec05953068f6ff7c84740f00102f901cfd5c80d00000000920310416c6b69204175746f20526570616972,service.vehicle.repair.car
190,5190debb3fc5955ec059e5ef2cd9bfcf4740f00102f90172d5ce0d0000000092030f4174686c6574696320417761726473,building
191,5190debb3fc5955ec059e5ef2cd9bfcf4740f00102f90172d5ce0d0000000092030f4174686c6574696320417761726473,building.commercial
192,5190debb3fc5955ec059e5ef2cd9bfcf4740f00102f90172d5ce0d0000000092030f4174686c6574696320417761726473,commercial
193,5190debb3fc5955ec059e5ef2cd9bfcf4740f00102f90172d5ce0d0000000092030f4174686c6574696320417761726473,commercial.outdoor_and_sport
194,51a41e63f70d965ec059f4a0398c25d34740f00102f901c1d1000e00000000920313557262616e204561727468204e757273657279,building
195,51a41e63f70d965ec059f4a0398c25d34740f00102f901c1d1000e00000000920313557262616e204561727468204e757273657279,building.commercial
196,51a41e63f70d965ec059f4a0398c25d34740f00102f901c1d1000e00000000920313557262616e204561727468204e757273657279,commercial
197,51a41e63f70d965ec059f4a0398c25d34740f00102f901c1d1000e00000000920313557262616e204561727468204e757273657279,commercial.garden
198,510c07614d0c965ec059210fc4189dce4740f00102f901011cc1130000000092031644616e27732042656c6c746f776e2047726f63657279,building
199,510c07614d0c965ec059210fc4189dce4740f00102f901011cc1130000000092031644616e27732042656c6c746f776e2047726f63657279,building.commercial
200,510c07614d0c965ec059210fc4189dce4740f00102f901011cc1130000000092031644616e27732042656c6c746f776e2047726f63657279,commercial
201,510c07614d0c965ec059210fc4189dce4740f00102f901011cc1130000000092031644616e27732042656c6c746f776e2047726f63657279,commercial.supermarket
202,510c07614d0c965ec059210fc4189dce4740f00102f901011cc1130000000092031644616e27732042656c6c746f776e2047726f63657279,wheelchair
203,510c07614d0c965ec059210fc4189dce4740f00102f901011cc1130000000092031644616e27732042656c6c746f776e2047726f63657279,wheelchair.yes
204,5110ae80423d955ec059257d4084b8cc4740f00103f9012f8640150000000092032b4b6c6f6e64696b6520476f6c642052757368204e6174696f6e616c20486973746f726963616c205061726b,entertainment
205,5110ae80423d955ec059257d4084b8cc4740f00103f9012f8640150000000092032b4b6c6f6e64696b6520476f6c642052757368204e6174696f6e616c20486973746f726963616c205061726b,entertainment.museum
206,5110ae80423d955ec059257d4084b8cc4740f00103f9012f8640150000000092032b4b6c6f6e64696b6520476f6c642052757368204e6174696f6e616c20486973746f726963616c205061726b,no_fee
207,5110ae80423d955ec059257d4084b8cc4740f00103f9012f8640150000000092032b4b6c6f6e64696b6520476f6c642052757368204e6174696f6e616c20486973746f726963616c205061726b,no_fee.no
208,5110ae80423d955ec059257d4084b8cc4740f00103f9012f8640150000000092032b4b6c6f6e64696b6520476f6c642052757368204e6174696f6e616c20486973746f726963616c205061726b,wheelchair
209,5110ae80423d955ec059257d4084b8cc4740f00103f9012f8640150000000092032b4b6c6f6e64696b6520476f6c642052757368204e6174696f6e616c20486973746f726963616c205061726b,wheelchair.limited
210,51d8c0e85356935ec0598484b82282ce4740f00102f90115c2a61500000000920314556e636c6520496b65277320506f742053686f70,building
211,51d8c0e85356935ec0598484b82282ce4740f00102f90115c2a61500000000920314556e636c6520496b65277320506f742053686f70,building.commercial
212,51d8c0e85356935ec0598484b82282ce4740f00102f90115c2a61500000000920314556e636c6520496b65277320506f742053686f70,commercial
213,51d8c0e85356935ec0598484b82282ce4740f00102f90115c2a61500000000920314556e636c6520496b65277320506f742053686f70,commercial.smoking
214,51a2af20cd58935ec0592870c0a3d7d14740f00103f9015706991b000000009203154d6f6e746c616b652042696379636c652053686f70,commercial
215,51a2af20cd58935ec0592870c0a3d7d14740f00103f9015706991b000000009203154d6f6e746c616b652042696379636c652053686f70,commercial.outdoor_and_sport
216,51a2af20cd58935ec0592870c0a3d7d14740f00103f9015706991b000000009203154d6f6e746c616b652042696379636c652053686f70,commercial.outdoor_and_sport.bicycle
217,51a2af20cd58935ec0592870c0a3d7d14740f00103f9015706991b000000009203154d6f6e746c616b652042696379636c652053686f70,rental
218,51a2af20cd58935ec0592870c0a3d7d14740f00103f9015706991b000000009203154d6f6e746c616b652042696379636c652053686f70,rental.bicycle
219,51581f8075c0945ec05932436b9fffcb4740f00102f901fce6221e0000000092030b424d572053656174746c65,building
220,51581f8075c0945ec05932436b9fffcb4740f00102f901fce6221e0000000092030b424d572053656174746c65,building.commercial
221,51581f8075c0945ec05932436b9fffcb4740f00102f901fce6221e0000000092030b424d572053656174746c65,commercial
222,51581f8075c0945ec05932436b9fffcb4740f00102f901fce6221e0000000092030b424d572053656174746c65,commercial.vehicle
223,51897c975297965ec0591add96bdb6cf4740f00103f901dcd6df370000000092030c412f4e542047616c6c657279,entertainment
224,51897c975297965ec0591add96bdb6cf4740f00103f901dcd6df370000000092030c412f4e542047616c6c657279,entertainment.culture
225,51897c975297965ec0591add96bdb6cf4740f00103f901dcd6df370000000092030c412f4e542047616c6c657279,entertainment.culture.gallery
226,514fd367075c955ec0599afdd885d5d24740f00103f901a9330e4d0000000092030a557262616e2053757266,commercial
227,514fd367075c955ec0599afdd885d5d24740f00103f901a9330e4d0000000092030a557262616e2053757266,commercial.outdoor_and_sport
228,51329413edaa955ec0597ff0ca23c9cd4740f00103f90101555f6e0000000092031253656174746c6520417274204d757365756d,entertainment
229,51329413edaa955ec0597ff0ca23c9cd4740f00103f90101555f6e0000000092031253656174746c6520417274204d757365756d,entertainment.museum
230,51329413edaa955ec0597ff0ca23c9cd4740f00103f90101555f6e0000000092031253656174746c6520417274204d757365756d,fee
231,51329413edaa955ec0597ff0ca23c9cd4740f00103f90101555f6e0000000092031253656174746c6520417274204d757365756d,internet_access
232,51113235aea4955ec059e8d938fc24cf4740f00103f901394f4e730000000092031257686f6c6520466f6f6473204d61726b6574,commercial
233,51113235aea4955ec059e8d938fc24cf4740f00103f901394f4e730000000092031257686f6c6520466f6f6473204d61726b6574,commercial.supermarket
234,51113235aea4955ec059e8d938fc24cf4740f00103f901394f4e730000000092031257686f6c6520466f6f6473204d61726b6574,wheelchair
235,51113235aea4955ec059e8d938fc24cf4740f00103f901394f4e730000000092031257686f6c6520466f6f6473204d61726b6574,wheelchair.yes
236,51f303577902965ec0595d16f41d57ce4740f00103f90180806c740000000092030950617461676f6e6961,commercial
237,51f303577902965ec0595d16f41d57ce4740f00103f90180806c740000000092030950617461676f6e6961,commercial.clothing
238,51f303577902965ec0595d16f41d57ce4740f00103f90180806c740000000092030950617461676f6e6961,commercial.clothing.clothes
239,512429e96168975ec059669b954edad14740f00103f901fd0bb474000000009203174d616372696e612042616b657279202d204d6347726177,commercial
240,512429e96168975ec059669b954edad14740f00103f901fd0bb474000000009203174d616372696e612042616b657279202d204d6347726177,commercial.food_and_drink
241,512429e96168975ec059669b954edad14740f00103f901fd0bb474000000009203174d616372696e612042616b657279202d204d6347726177,commercial.food_and_drink.bakery
242,512429e96168975ec059669b954edad14740f00103f901fd0bb474000000009203174d616372696e612042616b657279202d204d6347726177,wheelchair
243,512429e96168975ec059669b954edad14740f00103f901fd0bb474000000009203174d616372696e612042616b657279202d204d6347726177,wheelchair.yes
244,51e40ade46b9965ec0595e95646df8cf4740f00103f901671f1f76000000009203134d6574726f706f6c6974616e204d61726b6574,commercial
245,51e40ade46b9965ec0595e95646df8cf4740f00103f901671f1f76000000009203134d6574726f706f6c6974616e204d61726b6574,commercial.supermarket
246,51e40ade46b9965ec0595e95646df8cf4740f00103f901671f1f76000000009203134d6574726f706f6c6974616e204d61726b6574,wheelchair
247,51e40ade46b9965ec0595e95646df8cf4740f00103f901671f1f76000000009203134d6574726f706f6c6974616e204d61726b6574,wheelchair.yes
248,51065850bdda965ec0592b2ea81abdd14740f00103f901a846587800000000920312426c756520486967687761792047616d6573,commercial
249,51065850bdda965ec0592b2ea81abdd14740f00103f901a846587800000000920312426c756520486967687761792047616d6573,commercial.hobby
250,51065850bdda965ec0592b2ea81abdd14740f00103f901a846587800000000920312426c756520486967687761792047616d6573,commercial.hobby.games
251,51065850bdda965ec0592b2ea81abdd14740f00103f901a846587800000000920312426c756520486967687761792047616d6573,commercial.toy_and_game
252,519db415a092945ec05943e126987bcf4740f00103f90119a9d07b0000000092030653637265616d,commercial
253,519db415a092945ec05943e126987bcf4740f00103f90119a9d07b0000000092030653637265616d,service
254,519db415a092945ec05943e126987bcf4740f00103f90119a9d07b0000000092030653637265616d,service.beauty
255,519db415a092945ec05943e126987bcf4740f00103f90119a9d07b0000000092030653637265616d,service.beauty.hairdresser
256,519db415a092945ec05943e126987bcf4740f00103f90119a9d07b0000000092030653637265616d,wheelchair
257,519db415a092945ec05943e126987bcf4740f00103f90119a9d07b0000000092030653637265616d,wheelchair.yes
258,5123ff829323985ec059dfbf89dd88d14740f00103f9011631157c00000000920305506574636f,commercial
259,5123ff829323985ec059dfbf89dd88d14740f00103f9011631157c00000000920305506574636f,commercial.pet
260,5123ff829323985ec059dfbf89dd88d14740f00103f9011631157c00000000920305506574636f,pet
261,5123ff829323985ec059dfbf89dd88d14740f00103f9011631157c00000000920305506574636f,pet.shop
262,51082692431f985ec0598d650a9288d14740f00103f9011931157c0000000092031257686f6c6520466f6f6473204d61726b6574,commercial
263,51082692431f985ec0598d650a9288d14740f00103f9011931157c0000000092031257686f6c6520466f6f6473204d61726b6574,commercial.supermarket
264,5186cb2a6c06945ec059f621a232b4cf4740f00103f901e66a0e7f0000000092031e416461277320546563686e6963616c20426f6f6b7320616e642043616665,catering
265,5186cb2a6c06945ec059f621a232b4cf4740f00103f901e66a0e7f0000000092031e416461277320546563686e6963616c20426f6f6b7320616e642043616665,catering.cafe
266,5186cb2a6c06945ec059f621a232b4cf4740f00103f901e66a0e7f0000000092031e416461277320546563686e6963616c20426f6f6b7320616e642043616665,commercial
267,5186cb2a6c06945ec059f621a232b4cf4740f00103f901e66a0e7f0000000092031e416461277320546563686e6963616c20426f6f6b7320616e642043616665,commercial.books
268,5186cb2a6c06945ec059f621a232b4cf4740f00103f901e66a0e7f0000000092031e416461277320546563686e6963616c20426f6f6b7320616e642043616665,internet_access
269,514b74965984945ec0597d4d8166c6ce4740f00103f90155a5aa8000000000920305426c69636b,commercial
270,51e0fc868906945ec059bef030e24ccf4740f00103f90172eaab800000000092030e42616b657279204e6f7576656175,commercial
271,51e0fc868906945ec059bef030e24ccf4740f00103f90172eaab800000000092030e42616b657279204e6f7576656175,commercial.food_and_drink
272,51e0fc868906945ec059bef030e24ccf4740f00103f90172eaab800000000092030e42616b657279204e6f7576656175,commercial.food_and_drink.bakery
273,511c2c9ca4f9945ec059f6b7328cbbce4740f00103f901d132ac80000000009203055261706861,commercial
274,511c2c9ca4f9945ec059f6b7328cbbce4740f00103f901d132ac80000000009203055261706861,commercial.outdoor_and_sport
275,51226b0da5f6945ec059da426376bbce4740f00103f901d832ac800000000092030a4275636b204d61736f6e,commercial
276,51226b0da5f6945ec059da426376bbce4740f00103f901d832ac800000000092030a4275636b204d61736f6e,commercial.clothing
277,51226b0da5f6945ec059da426376bbce4740f00103f901d832ac800000000092030a4275636b204d61736f6e,commercial.clothing.clothes
278,517314200a66945ec0592c225f926fce4740f00103f90129a6b480000000009203074dc3a974696572,commercial
279,517314200a66945ec0592c225f926fce4740f00103f90129a6b480000000009203074dc3a974696572,commercial.outdoor_and_sport
280,517314200a66945ec0592c225f926fce4740f00103f90129a6b480000000009203074dc3a974696572,commercial.outdoor_and_sport.bicycle
281,51f8e8c36977945ec0596547c8da95ce4740f00103f901cba8b4800000000092030442616974,commercial
282,51f8e8c36977945ec0596547c8da95ce4740f00103f901cba8b4800000000092030442616974,commercial.clothing
283,51f8e8c36977945ec0596547c8da95ce4740f00103f901cba8b4800000000092030442616974,commercial.clothing.shoes
284,51f8e8c36977945ec0596547c8da95ce4740f00103f901cba8b4800000000092030442616974,wheelchair
285,51f8e8c36977945ec0596547c8da95ce4740f00103f901cba8b4800000000092030442616974,wheelchair.yes
286,517e6e0d11dc955ec05988aa594b01ce4740f00103f901f15049810000000092030e43696e6e616d6f6e20576f726b73,commercial
287,517e6e0d11dc955ec05988aa594b01ce4740f00103f901f15049810000000092030e43696e6e616d6f6e20576f726b73,commercial.food_and_drink
288,517e6e0d11dc955ec05988aa594b01ce4740f00103f901f15049810000000092030e43696e6e616d6f6e20576f726b73,commercial.food_and_drink.bakery
289,517e6e0d11dc955ec05988aa594b01ce4740f00103f901f15049810000000092030e43696e6e616d6f6e20576f726b73,vegetarian
290,514d6a0d4abd955ec05920b2b437f8cd4740f00103f901275149810000000092031453656174746c6520536e65616b65722043697479,commercial
291,514d6a0d4abd955ec05920b2b437f8cd4740f00103f901275149810000000092031453656174746c6520536e65616b65722043697479,commercial.clothing
292,514d6a0d4abd955ec05920b2b437f8cd4740f00103f901275149810000000092031453656174746c6520536e65616b65722043697479,commercial.clothing.shoes
293,515f5793a7ac955ec059358c5578e1cd4740f00103f90196c34c8100000000920306546172676574,commercial
294,515f5793a7ac955ec059358c5578e1cd4740f00103f90196c34c8100000000920306546172676574,commercial.department_store
295,515f5793a7ac955ec059358c5578e1cd4740f00103f90196c34c8100000000920306546172676574,internet_access
296,515f5793a7ac955ec059358c5578e1cd4740f00103f90196c34c8100000000920306546172676574,wheelchair
297,515f5793a7ac955ec059358c5578e1cd4740f00103f90196c34c8100000000920306546172676574,wheelchair.yes
298,51691492ccea955ec0599b2ea6d82cce4740f00103f901a8c34c810000000092030e4d616767696527732053686f6573,commercial
299,51691492ccea955ec0599b2ea6d82cce4740f00103f901a8c34c810000000092030e4d616767696527732053686f6573,commercial.clothing
300,51691492ccea955ec0599b2ea6d82cce4740f00103f901a8c34c810000000092030e4d616767696527732053686f6573,commercial.clothing.shoes
301,514cfe277ff7955ec05976456ca521ce4740f00103f901b0c34c810000000092031850696b652026205765737465726e2057696e652053686f70,commercial
302,51ff18dfbcdd955ec059ebf218c91ece4740f00103f901d6c34c81000000009203105a65627261636c75622053746f726573,commercial
303,51ff18dfbcdd955ec059ebf218c91ece4740f00103f901d6c34c81000000009203105a65627261636c75622053746f726573,commercial.clothing
304,51ff18dfbcdd955ec059ebf218c91ece4740f00103f901d6c34c81000000009203105a65627261636c75622053746f726573,commercial.clothing.clothes
305,51462234828d945ec059c44f4a4794cf4740f00103f901b8858c840000000092030a5370696e204379636c65,commercial
306,51462234828d945ec059c44f4a4794cf4740f00103f901b8858c840000000092030a5370696e204379636c65,commercial.video_and_music
307,51ed06c02e79945ec059bbd2c1001dd24740f00103f901f6e44e870000000092030d4272616e666f72642042696b65,commercial
308,51ed06c02e79945ec059bbd2c1001dd24740f00103f901f6e44e870000000092030d4272616e666f72642042696b65,commercial.outdoor_and_sport
309,51ed06c02e79945ec059bbd2c1001dd24740f00103f901f6e44e870000000092030d4272616e666f72642042696b65,commercial.outdoor_and_sport.bicycle
310,51b3f4a10bea955ec059cdb3f8bf23d34740f00103f9018800bb880000000092030345564f,commercial
311,51b3f4a10bea955ec059cdb3f8bf23d34740f00103f9018800bb880000000092030345564f,commercial.outdoor_and_sport
312,51b3f4a10bea955ec059cdb3f8bf23d34740f00103f9018800bb880000000092030345564f,wheelchair
313,51b3f4a10bea955ec059cdb3f8bf23d34740f00103f9018800bb880000000092030345564f,wheelchair.yes
314,5148403b96ad955ec059e86c9a22c0cf4740f00103f9010497cf89000000009203055465736c61,commercial
315,5148403b96ad955ec059e86c9a22c0cf4740f00103f9010497cf89000000009203055465736c61,commercial.vehicle
316,51a540b0f4eb945ec0592dbd61759acc4740f00103f901f368358a000000009203084c756f736966656e,catering
317,51a540b0f4eb945ec0592dbd61759acc4740f00103f901f368358a000000009203084c756f736966656e,catering.restaurant
318,51a540b0f4eb945ec0592dbd61759acc4740f00103f901f368358a000000009203084c756f736966656e,catering.restaurant.chinese
319,51a540b0f4eb945ec0592dbd61759acc4740f00103f901f368358a000000009203084c756f736966656e,commercial
320,51a540b0f4eb945ec0592dbd61759acc4740f00103f901f368358a000000009203084c756f736966656e,commercial.food_and_drink
321,51a540b0f4eb945ec0592dbd61759acc4740f00103f901f368358a000000009203084c756f736966656e,commercial.food_and_drink.bakery
322,51acf93b2531965ec0599a2901cb00cf4740f00103f901a5d44b8a0000000092030b53616c6f6e204469766173,commercial
323,51acf93b2531965ec0599a2901cb00cf4740f00103f901a5d44b8a0000000092030b53616c6f6e204469766173,service
324,51acf93b2531965ec0599a2901cb00cf4740f00103f901a5d44b8a0000000092030b53616c6f6e204469766173,service.beauty
325,51acf93b2531965ec0599a2901cb00cf4740f00103f901a5d44b8a0000000092030b53616c6f6e204469766173,service.beauty.hairdresser
326,51929ed8f9ed955ec059be4507be58cf4740f00103f901d37dac8a0000000092031957696e73746f6e2057c3a463687465722046696e6520417274,commercial
327,51929ed8f9ed955ec059be4507be58cf4740f00103f901d37dac8a0000000092031957696e73746f6e2057c3a463687465722046696e6520417274,commercial.art
328,51d3ccee247d965ec059dcbc6aa400cf4740f00103f901a537bc8a0000000092031653656174746c6520437573746f6d204672616d696e67,commercial
329,51d3ccee247d965ec059dcbc6aa400cf4740f00103f901a537bc8a0000000092031653656174746c6520437573746f6d204672616d696e67,commercial.hobby
330,51d3ccee247d965ec059dcbc6aa400cf4740f00103f901a537bc8a0000000092031653656174746c6520437573746f6d204672616d696e67,commercial.hobby.photo
331,51be092a4f45965ec0596d7f1ef3a6ce4740f00103f901a026bd8a000000009203194d616372696e612042616b657279202d2042656c6c746f776e,catering
332,51be092a4f45965ec0596d7f1ef3a6ce4740f00103f901a026bd8a000000009203194d616372696e612042616b657279202d2042656c6c746f776e,catering.cafe
333,51be092a4f45965ec0596d7f1ef3a6ce4740f00103f901a026bd8a000000009203194d616372696e612042616b657279202d2042656c6c746f776e,commercial
334,51be092a4f45965ec0596d7f1ef3a6ce4740f00103f901a026bd8a000000009203194d616372696e612042616b657279202d2042656c6c746f776e,commercial.food_and_drink
335,51be092a4f45965ec0596d7f1ef3a6ce4740f00103f901a026bd8a000000009203194d616372696e612042616b657279202d2042656c6c746f776e,commercial.food_and_drink.bakery
336,5131ef71a609965ec0592b6478865fce4740f00103f901c53cbe8a0000000092031b4665646572616c2041726d792026204e61767920537572706c7573,commercial
337,5131ef71a609965ec0592b6478865fce4740f00103f901c53cbe8a0000000092031b4665646572616c2041726d792026204e61767920537572706c7573,commercial.outdoor_and_sport
338,5119dc20a4b8955ec05931e484a39ace4740f00103f901305fbe8a0000000092030d476c6f6265204f70746963616c,commercial
339,5119dc20a4b8955ec05931e484a39ace4740f00103f901305fbe8a0000000092030d476c6f6265204f70746963616c,commercial.health_and_beauty
340,5119dc20a4b8955ec05931e484a39ace4740f00103f901305fbe8a0000000092030d476c6f6265204f70746963616c,commercial.health_and_beauty.optician
341,5119dc20a4b8955ec05931e484a39ace4740f00103f901305fbe8a0000000092030d476c6f6265204f70746963616c,wheelchair
342,5119dc20a4b8955ec05931e484a39ace4740f00103f901305fbe8a0000000092030d476c6f6265204f70746963616c,wheelchair.yes
343,515bb164332c955ec0591267e949f4ce4740f00103f9015953bf8a000000009203184d61726b65742d486f75736520436f726e65642042656566,commercial
344,515bb164332c955ec0591267e949f4ce4740f00103f9015953bf8a000000009203184d61726b65742d486f75736520436f726e65642042656566,commercial.food_and_drink
345,515bb164332c955ec0591267e949f4ce4740f00103f9015953bf8a000000009203184d61726b65742d486f75736520436f726e65642042656566,commercial.food_and_drink.butcher
346,51ee30dc6fa3955ec05945acb17966ce4740f00103f901bb53bf8a0000000092030b416c6578616e6472612773,commercial
347,51ee30dc6fa3955ec05945acb17966ce4740f00103f901bb53bf8a0000000092030b416c6578616e6472612773,commercial.clothing
348,51ee30dc6fa3955ec05945acb17966ce4740f00103f901bb53bf8a0000000092030b416c6578616e6472612773,commercial.clothing.clothes
349,51baebc781b2975ec05999aad1fb6bd04740f00103f901f195078b0000000092030b46756a692042616b657279,commercial
350,51baebc781b2975ec05999aad1fb6bd04740f00103f901f195078b0000000092030b46756a692042616b657279,commercial.food_and_drink
351,51baebc781b2975ec05999aad1fb6bd04740f00103f901f195078b0000000092030b46756a692042616b657279,commercial.food_and_drink.bakery
352,512cc36e8ea9975ec059e050f9275dd04740f00103f901c296078b0000000092030b57696e65204f75746c6574,commercial
353,512cc36e8ea9975ec059e050f9275dd04740f00103f901c296078b0000000092030b57696e65204f75746c6574,commercial.food_and_drink
354,512cc36e8ea9975ec059e050f9275dd04740f00103f901c296078b0000000092030b57696e65204f75746c6574,commercial.food_and_drink.drinks
355,51fde6b45d57955ec059d03517adedcc4740f00103f9018a062c8c000000009203084c6164792059756d,commercial
356,51fde6b45d57955ec059d03517adedcc4740f00103f9018a062c8c000000009203084c6164792059756d,commercial.food_and_drink
357,51fde6b45d57955ec059d03517adedcc4740f00103f9018a062c8c000000009203084c6164792059756d,commercial.food_and_drink.bakery
358,513d8b396373955ec059558afc83edcc4740f00103f90155072c8c00000000920317496e7472696775652043686f636f6c6174657320436f2e,commercial
359,513d8b396373955ec059558afc83edcc4740f00103f90155072c8c00000000920317496e7472696775652043686f636f6c6174657320436f2e,commercial.food_and_drink
360,513d8b396373955ec059558afc83edcc4740f00103f90155072c8c00000000920317496e7472696775652043686f636f6c6174657320436f2e,commercial.food_and_drink.chocolate
361,51191bbad91f955ec05936a5ced1f4cc4740f00103f90183462c8c00000000920304536f696c,commercial
362,51191bbad91f955ec05936a5ced1f4cc4740f00103f90183462c8c00000000920304536f696c,commercial.art
363,5147ab5ad251955ec059e80266fdc1cc4740f00103f9015b482c8c00000000920311476c617373686f7573652053747564696f,commercial
364,5147ab5ad251955ec059e80266fdc1cc4740f00103f9015b482c8c00000000920311476c617373686f7573652053747564696f,commercial.art
365,51e012807f4a955ec059d9be6c7aabcc4740f00103f9018a7e2c8c0000000092031a53616c756d69204172746973616e204375726564204d65617473,commercial
366,51e012807f4a955ec059d9be6c7aabcc4740f00103f9018a7e2c8c0000000092031a53616c756d69204172746973616e204375726564204d65617473,commercial.food_and_drink
367,51e012807f4a955ec059d9be6c7aabcc4740f00103f9018a7e2c8c0000000092031a53616c756d69204172746973616e204375726564204d65617473,commercial.food_and_drink.butcher
368,51db98e83d5f955ec059d2a19f8d5ccc4740f00103f901e28f2c8c000000009203124265617374204d6f6465204170706172656c,commercial
369,51db98e83d5f955ec059d2a19f8d5ccc4740f00103f901e28f2c8c000000009203124265617374204d6f6465204170706172656c,commercial.clothing
370,51db98e83d5f955ec059d2a19f8d5ccc4740f00103f901e28f2c8c000000009203124265617374204d6f6465204170706172656c,commercial.clothing.clothes
371,51ee7a1ffde5935ec059f1bcaba7fbcb4740f00103f90103936d8d0000000092032053656174746c6520426f756c646572696e672050726f6a656374202d20534250,commercial
372,51ee7a1ffde5935ec059f1bcaba7fbcb4740f00103f90103936d8d0000000092032053656174746c6520426f756c646572696e672050726f6a656374202d20534250,commercial.outdoor_and_sport
373,51ee7a1ffde5935ec059f1bcaba7fbcb4740f00103f90103936d8d0000000092032053656174746c6520426f756c646572696e672050726f6a656374202d20534250,entertainment
374,51ee7a1ffde5935ec059f1bcaba7fbcb4740f00103f90103936d8d0000000092032053656174746c6520426f756c646572696e672050726f6a656374202d20534250,entertainment.activity_park
375,51ee7a1ffde5935ec059f1bcaba7fbcb4740f00103f90103936d8d0000000092032053656174746c6520426f756c646572696e672050726f6a656374202d20534250,entertainment.activity_park.climbing
376,51ee7a1ffde5935ec059f1bcaba7fbcb4740f00103f90103936d8d0000000092032053656174746c6520426f756c646572696e672050726f6a656374202d20534250,sport
377,51ee7a1ffde5935ec059f1bcaba7fbcb4740f00103f90103936d8d0000000092032053656174746c6520426f756c646572696e672050726f6a656374202d20534250,sport.sports_centre
378,519d8a54185b935ec05962bc1cffaacc4740f00103f901c9b2818d0000000092031153656174746c6520466973682047757973,commercial
379,519d8a54185b935ec05962bc1cffaacc4740f00103f901c9b2818d0000000092031153656174746c6520466973682047757973,commercial.food_and_drink
380,519d8a54185b935ec05962bc1cffaacc4740f00103f901c9b2818d0000000092031153656174746c6520466973682047757973,commercial.food_and_drink.seafood
381,514b439e6eea935ec0598c6c536a40cc4740f00103f9013370828d0000000092031542756464202620436f2e204175746f6d6f74697665,commercial
382,514b439e6eea935ec0598c6c536a40cc4740f00103f9013370828d0000000092031542756464202620436f2e204175746f6d6f74697665,service
383,514b439e6eea935ec0598c6c536a40cc4740f00103f9013370828d0000000092031542756464202620436f2e204175746f6d6f74697665,service.vehicle
384,514b439e6eea935ec0598c6c536a40cc4740f00103f9013370828d0000000092031542756464202620436f2e204175746f6d6f74697665,service.vehicle.repair
385,514b439e6eea935ec0598c6c536a40cc4740f00103f9013370828d0000000092031542756464202620436f2e204175746f6d6f74697665,service.vehicle.repair.car
386,517e2f8507cd935ec059c51c71f618cc4740f00103f901d271828d0000000092030a5468652042696b657279,commercial
387,517e2f8507cd935ec059c51c71f618cc4740f00103f901d271828d0000000092030a5468652042696b657279,commercial.outdoor_and_sport
388,517e2f8507cd935ec059c51c71f618cc4740f00103f901d271828d0000000092030a5468652042696b657279,commercial.outdoor_and_sport.bicycle
389,51d94ae82e89935ec05967c479d278ce4740f00103f90161a4918d0000000092030b32302f3230204379636c65,commercial
390,51d94ae82e89935ec05967c479d278ce4740f00103f90161a4918d0000000092030b32302f3230204379636c65,commercial.outdoor_and_sport
391,51d94ae82e89935ec05967c479d278ce4740f00103f90161a4918d0000000092030b32302f3230204379636c65,commercial.outdoor_and_sport.bicycle
392,51fe929e3333945ec05972504750a1cd4740f00103f9014c41948d000000009203164d697474656e20537765657473202620436f66666565,commercial
393,51fe929e3333945ec05972504750a1cd4740f00103f9014c41948d000000009203164d697474656e20537765657473202620436f66666565,commercial.food_and_drink
394,51fe929e3333945ec05972504750a1cd4740f00103f9014c41948d000000009203164d697474656e20537765657473202620436f66666565,commercial.food_and_drink.bakery
395,519918cbf4cb955ec059cd303eb0e3cd4740f00103f901b459e68e0000000092031447686f737420416c6c657920457370726573736f,commercial
396,519918cbf4cb955ec059cd303eb0e3cd4740f00103f901b459e68e0000000092031447686f737420416c6c657920457370726573736f,commercial.food_and_drink
397,519918cbf4cb955ec059cd303eb0e3cd4740f00103f901b459e68e0000000092031447686f737420416c6c657920457370726573736f,commercial.food_and_drink.coffee_and_tea
398,5118838769df955ec059cab95db818ce4740f00103f901425ae68e00000000920316416e7469717565732061742050696b6520506c616365,commercial
399,5118838769df955ec059cab95db818ce4740f00103f901425ae68e00000000920316416e7469717565732061742050696b6520506c616365,commercial.antiques
400,51122ee411dc955ec05986072e84e6cd4740f00103f9018983e68e00000000920315576f726c64205370696365204d65726368616e7473,commercial
401,51122ee411dc955ec05986072e84e6cd4740f00103f9018983e68e00000000920315576f726c64205370696365204d65726368616e7473,commercial.food_and_drink
402,51122ee411dc955ec05986072e84e6cd4740f00103f9018983e68e00000000920315576f726c64205370696365204d65726368616e7473,commercial.food_and_drink.spices
403,516290604fe0955ec0592caec3c606ce4740f00103f90120bbe68e0000000092031842656563686572732048616e646d61646520436865657365,commercial
404,516290604fe0955ec0592caec3c606ce4740f00103f90120bbe68e0000000092031842656563686572732048616e646d61646520436865657365,commercial.food_and_drink
405,516290604fe0955ec0592caec3c606ce4740f00103f90120bbe68e0000000092031842656563686572732048616e646d61646520436865657365,commercial.food_and_drink.cheese_and_dairy
406,5124e4839ecd955ec059d2d9085ee3cd4740f00103f9015ed9e68e00000000920311446f6e2026204a6f652773204d65617473,commercial
407,5124e4839ecd955ec059d2d9085ee3cd4740f00103f9015ed9e68e00000000920311446f6e2026204a6f652773204d65617473,commercial.food_and_drink
408,5124e4839ecd955ec059d2d9085ee3cd4740f00103f9015ed9e68e00000000920311446f6e2026204a6f652773204d65617473,commercial.food_and_drink.butcher
409,5124e4839ecd955ec059d2d9085ee3cd4740f00103f9015ed9e68e00000000920311446f6e2026204a6f652773204d65617473,wheelchair
410,5124e4839ecd955ec059d2d9085ee3cd4740f00103f9015ed9e68e00000000920311446f6e2026204a6f652773204d65617473,wheelchair.yes
411,51d4b848ebb9955ec059e9a50dc6e3cd4740f00103f9016bd9e68e0000000092031553686f77626f7820617420746865204d61726b6574,entertainment
412,51d4b848ebb9955ec059e9a50dc6e3cd4740f00103f9016bd9e68e0000000092031553686f77626f7820617420746865204d61726b6574,entertainment.culture
413,51d4b848ebb9955ec059e9a50dc6e3cd4740f00103f9016bd9e68e0000000092031553686f77626f7820617420746865204d61726b6574,entertainment.culture.theatre
414,51b6903644cb955ec0597e8cdb02f8cd4740f00103f90107e7e68e000000009203174d6574736b6572204d617073206f662053656174746c65,commercial
415,51b6903644cb955ec0597e8cdb02f8cd4740f00103f90107e7e68e000000009203174d6574736b6572204d617073206f662053656174746c65,commercial.books
416,51d73730b9d1955ec0592dd66af3ffcd4740f00103f90115e7e68e0000000092030c536f204d756368205961726e,commercial
417,51d73730b9d1955ec0592dd66af3ffcd4740f00103f90115e7e68e0000000092030c536f204d756368205961726e,commercial.hobby
418,51d73730b9d1955ec0592dd66af3ffcd4740f00103f90115e7e68e0000000092030c536f204d756368205961726e,commercial.hobby.sewing_and_knitting
419,51b4b2d881ce955ec05944b643a7e7cd4740f00103f90121e7e68e0000000092031650696b6520506c6163652046697368204d61726b6574,commercial
420,51b4b2d881ce955ec05944b643a7e7cd4740f00103f90121e7e68e0000000092031650696b6520506c6163652046697368204d61726b6574,commercial.food_and_drink
421,51b4b2d881ce955ec05944b643a7e7cd4740f00103f90121e7e68e0000000092031650696b6520506c6163652046697368204d61726b6574,commercial.food_and_drink.seafood
422,512ce510ccac955ec05927ac4319aacf4740f00103f901dec40c8f00000000920319476f6f6477696c6c20536f757468204c616b6520556e696f6e,commercial
423,512ce510ccac955ec05927ac4319aacf4740f00103f901dec40c8f00000000920319476f6f6477696c6c20536f757468204c616b6520556e696f6e,commercial.discount_store
424,516cecc84741965ec059df3050583dd04740f00103f901273c1a8f0000000092030c4c756e612053616e64616c73,commercial
425,516cecc84741965ec059df3050583dd04740f00103f901273c1a8f0000000092030c4c756e612053616e64616c73,commercial.clothing
426,516cecc84741965ec059df3050583dd04740f00103f901273c1a8f0000000092030c4c756e612053616e64616c73,commercial.clothing.shoes
427,515f9fef5d39965ec059765561cdb7cf4740f00103f90124921b8f0000000092032e42696c6c2026204d656c696e646120476174657320466f756e646174696f6e2056697369746f722043656e746572,entertainment
428,515f9fef5d39965ec059765561cdb7cf4740f00103f90124921b8f0000000092032e42696c6c2026204d656c696e646120476174657320466f756e646174696f6e2056697369746f722043656e746572,entertainment.museum
429,515f9fef5d39965ec059765561cdb7cf4740f00103f90124921b8f0000000092032e42696c6c2026204d656c696e646120476174657320466f756e646174696f6e2056697369746f722043656e746572,wheelchair
430,515f9fef5d39965ec059765561cdb7cf4740f00103f90124921b8f0000000092032e42696c6c2026204d656c696e646120476174657320466f756e646174696f6e2056697369746f722043656e746572,wheelchair.yes
431,51f6ebf3bdab965ec0597d60ba4fe9cf4740f00103f90135fe1b8f0000000092030f50616e64612050686f746f204c6162,commercial
432,51f6ebf3bdab965ec0597d60ba4fe9cf4740f00103f90135fe1b8f0000000092030f50616e64612050686f746f204c6162,commercial.hobby
433,51f6ebf3bdab965ec0597d60ba4fe9cf4740f00103f90135fe1b8f0000000092030f50616e64612050686f746f204c6162,commercial.hobby.photo
434,517c3f355e3a955ec059dbee707a72ce4740f00103f90185584d8f00000000920309464153545349474e53,commercial
435,51e60de66583955ec05997e1996a1cce4740f00103f90114a84d8f000000009203084361726861727474,commercial
436,51e60de66583955ec05997e1996a1cce4740f00103f90114a84d8f000000009203084361726861727474,commercial.clothing
437,51e60de66583955ec05997e1996a1cce4740f00103f90114a84d8f000000009203084361726861727474,commercial.clothing.clothes
438,511070ad9b77955ec0591a00d5c853ce4740f00103f9012ea84d8f0000000092030d45696c65656e20466973686572,commercial
439,511070ad9b77955ec0591a00d5c853ce4740f00103f9012ea84d8f0000000092030d45696c65656e20466973686572,commercial.clothing
440,511070ad9b77955ec0591a00d5c853ce4740f00103f9012ea84d8f0000000092030d45696c65656e20466973686572,commercial.clothing.clothes
441,518ac67f2667955ec059ba919ce6d3cd4740f00103f9013add4d8f000000009203094c756c792059616e67,commercial
442,518ac67f2667955ec059ba919ce6d3cd4740f00103f9013add4d8f000000009203094c756c792059616e67,commercial.clothing
443,518ac67f2667955ec059ba919ce6d3cd4740f00103f9013add4d8f000000009203094c756c792059616e67,commercial.clothing.clothes
444,51bc37860060955ec05971f28e37f9cd4740f00103f90146dd4d8f00000000920312357468204176656e75652054686561746572,entertainment
445,51bc37860060955ec05971f28e37f9cd4740f00103f90146dd4d8f00000000920312357468204176656e75652054686561746572,entertainment.culture
446,51bc37860060955ec05971f28e37f9cd4740f00103f90146dd4d8f00000000920312357468204176656e75652054686561746572,entertainment.culture.theatre
447,51b7cd9e1562955ec059bdde41e1fdcd4740f00103f90149dd4d8f000000009203084d6570686973746f,commercial
448,51b7cd9e1562955ec059bdde41e1fdcd4740f00103f90149dd4d8f000000009203084d6570686973746f,commercial.clothing
449,51b7cd9e1562955ec059bdde41e1fdcd4740f00103f90149dd4d8f000000009203084d6570686973746f,commercial.clothing.shoes
450,51fedf7dfa74955ec05970834694f6cd4740f00103f90151dd4d8f0000000092031550434320436f6d6d756e697479204d61726b657473,commercial
451,51fedf7dfa74955ec05970834694f6cd4740f00103f90151dd4d8f0000000092031550434320436f6d6d756e697479204d61726b657473,commercial.supermarket
452,5170788bd184955ec059b3fbf42801ce4740f00103f90167dd4d8f0000000092030e4a6f73657068204a6577656c7279,commercial
453,5170788bd184955ec059b3fbf42801ce4740f00103f90167dd4d8f0000000092030e4a6f73657068204a6577656c7279,commercial.jewelry
454,51c7c1114999955ec059fd9237ff0ace4740f00103f90174dd4d8f00000000920304526f7373,commercial
455,51c7c1114999955ec059fd9237ff0ace4740f00103f90174dd4d8f00000000920304526f7373,commercial.clothing
456,51c7c1114999955ec059fd9237ff0ace4740f00103f90174dd4d8f00000000920304526f7373,commercial.clothing.clothes
457,51c7c1114999955ec059fd9237ff0ace4740f00103f90174dd4d8f00000000920304526f7373,commercial.clothing.men
458,51c7c1114999955ec059fd9237ff0ace4740f00103f90174dd4d8f00000000920304526f7373,commercial.clothing.women
459,51c7c1114999955ec059fd9237ff0ace4740f00103f90174dd4d8f00000000920304526f7373,commercial.department_store
460,51becf02feba955ec059ad09c31a1dce4740f00103f901ace74d8f0000000092030b53696d706c65204c696665,commercial
461,51becf02feba955ec059ad09c31a1dce4740f00103f901ace74d8f0000000092030b53696d706c65204c696665,commercial.clothing
462,51becf02feba955ec059ad09c31a1dce4740f00103f901ace74d8f0000000092030b53696d706c65204c696665,commercial.clothing.clothes
463,5163d68ba19c955ec05972c4160be8cd4740f00103f9010aef4d8f0000000092030f54686520547269706c6520446f6f72,entertainment
464,5163d68ba19c955ec05972c4160be8cd4740f00103f9010aef4d8f0000000092030f54686520547269706c6520446f6f72,entertainment.culture
465,5163d68ba19c955ec05972c4160be8cd4740f00103f9010aef4d8f0000000092030f54686520547269706c6520446f6f72,entertainment.culture.theatre
